mode,mechanism,sim_latency_ms,handshake_time_ms,wire_bytes
classical,n/a,0,0.297,72
classical,n/a,0,0.3127,72
classical,n/a,0,0.2768,72
classical,n/a,0,0.2819,72
classical,n/a,0,0.2983,72
classical,n/a,0,0.279,72
classical,n/a,0,0.2785,72
classical,n/a,0,0.3279,72
classical,n/a,0,0.2781,72
classical,n/a,0,0.279,72
classical,n/a,0,0.3537,72
classical,n/a,0,0.2773,72
classical,n/a,0,0.2782,72
classical,n/a,0,0.3074,72
classical,n/a,0,0.2774,72
classical,n/a,0,0.2765,72
classical,n/a,0,0.305,72
classical,n/a,0,0.2771,72
classical,n/a,0,0.277,72
classical,n/a,0,0.304,72
classical,n/a,0,0.2774,72
classical,n/a,0,0.2716,72
classical,n/a,0,0.3083,72
classical,n/a,0,0.2709,72
classical,n/a,0,0.2715,72
classical,n/a,0,0.3002,72
classical,n/a,0,0.2777,72
classical,n/a,0,0.284,72
classical,n/a,0,0.3046,72
classical,n/a,0,0.2771,72
classical,n/a,0,0.2767,72
classical,n/a,0,0.3025,72
classical,n/a,0,0.28,72
classical,n/a,0,0.2778,72
classical,n/a,0,0.3079,72
classical,n/a,0,0.2703,72
classical,n/a,0,0.2786,72
classical,n/a,0,0.3139,72
classical,n/a,0,0.2699,72
classical,n/a,0,0.2772,72
classical,n/a,0,0.3091,72
classical,n/a,0,0.2764,72
classical,n/a,0,0.2765,72
classical,n/a,0,0.3026,72
classical,n/a,0,0.2762,72
classical,n/a,0,0.2778,72
classical,n/a,0,0.2975,72
classical,n/a,0,0.2769,72
classical,n/a,0,0.2777,72
classical,n/a,0,0.3012,72
classical,n/a,0,0.2772,72
classical,n/a,0,0.2775,72
classical,n/a,0,0.3065,72
classical,n/a,0,0.2762,72
classical,n/a,0,0.2794,72
classical,n/a,0,0.3178,72
classical,n/a,0,0.2762,72
classical,n/a,0,0.2905,72
classical,n/a,0,0.3516,72
classical,n/a,0,0.3043,72
classical,n/a,20,40.486,72
classical,n/a,20,40.4863,72
classical,n/a,20,40.508,72
classical,n/a,20,40.5075,72
classical,n/a,20,40.5515,72
classical,n/a,20,40.5217,72
classical,n/a,20,40.5382,72
classical,n/a,20,40.5433,72
classical,n/a,20,40.5145,72
classical,n/a,20,40.5167,72
classical,n/a,20,40.5528,72
classical,n/a,20,41.7438,72
classical,n/a,20,40.6221,72
classical,n/a,20,40.5115,72
classical,n/a,20,40.6534,72
classical,n/a,20,40.5237,72
classical,n/a,20,40.5135,72
classical,n/a,20,40.7251,72
classical,n/a,20,40.5015,72
classical,n/a,20,40.5252,72
classical,n/a,20,40.4927,72
classical,n/a,20,40.5437,72
classical,n/a,20,40.5237,72
classical,n/a,20,40.4748,72
classical,n/a,20,40.4556,72
classical,n/a,20,40.48,72
classical,n/a,20,40.5047,72
classical,n/a,20,40.4779,72
classical,n/a,20,40.5142,72
classical,n/a,20,40.5363,72
classical,n/a,20,40.5301,72
classical,n/a,20,40.5123,72
classical,n/a,20,41.0189,72
classical,n/a,20,40.5412,72
classical,n/a,20,40.5353,72
classical,n/a,20,40.545,72
classical,n/a,20,40.5579,72
classical,n/a,20,40.55,72
classical,n/a,20,40.5406,72
classical,n/a,20,40.5489,72
classical,n/a,20,40.5471,72
classical,n/a,20,40.5287,72
classical,n/a,20,40.534,72
classical,n/a,20,40.6652,72
classical,n/a,20,40.5106,72
classical,n/a,20,40.755,72
classical,n/a,20,40.507,72
classical,n/a,20,40.5216,72
classical,n/a,20,40.5879,72
classical,n/a,20,40.5041,72
classical,n/a,20,40.5277,72
classical,n/a,20,40.5932,72
classical,n/a,20,40.2975,72
classical,n/a,20,40.524,72
classical,n/a,20,40.5084,72
classical,n/a,20,40.5257,72
classical,n/a,20,40.5404,72
classical,n/a,20,40.5232,72
classical,n/a,20,40.4641,72
classical,n/a,20,40.4854,72
classical,n/a,75,151.0278,72
classical,n/a,75,150.6517,72
classical,n/a,75,150.5385,72
classical,n/a,75,150.5257,72
classical,n/a,75,150.6354,72
classical,n/a,75,150.6039,72
classical,n/a,75,151.2674,72
classical,n/a,75,150.649,72
classical,n/a,75,150.5949,72
classical,n/a,75,150.6015,72
classical,n/a,75,150.7664,72
classical,n/a,75,150.6265,72
classical,n/a,75,150.5714,72
classical,n/a,75,150.5316,72
classical,n/a,75,150.5289,72
classical,n/a,75,150.5111,72
classical,n/a,75,150.5317,72
classical,n/a,75,150.5924,72
classical,n/a,75,150.5539,72
classical,n/a,75,150.5248,72
classical,n/a,75,151.0108,72
classical,n/a,75,150.5787,72
classical,n/a,75,150.7859,72
classical,n/a,75,150.6171,72
classical,n/a,75,150.5555,72
classical,n/a,75,150.5856,72
classical,n/a,75,150.6355,72
classical,n/a,75,150.642,72
classical,n/a,75,150.5803,72
classical,n/a,75,150.5898,72
classical,n/a,75,150.6781,72
classical,n/a,75,150.6117,72
classical,n/a,75,150.5329,72
classical,n/a,75,150.5948,72
classical,n/a,75,150.6121,72
classical,n/a,75,150.5727,72
classical,n/a,75,150.5537,72
classical,n/a,75,150.5373,72
classical,n/a,75,150.5314,72
classical,n/a,75,150.5335,72
classical,n/a,75,150.5275,72
classical,n/a,75,150.9332,72
classical,n/a,75,150.7609,72
classical,n/a,75,157.6503,72
classical,n/a,75,150.661,72
classical,n/a,75,150.4898,72
classical,n/a,75,150.5983,72
classical,n/a,75,150.589,72
classical,n/a,75,150.6095,72
classical,n/a,75,150.6128,72
classical,n/a,75,150.5598,72
classical,n/a,75,150.5615,72
classical,n/a,75,150.5513,72
classical,n/a,75,150.551,72
classical,n/a,75,150.5608,72
classical,n/a,75,150.7011,72
classical,n/a,75,150.587,72
classical,n/a,75,150.8094,72
classical,n/a,75,150.569,72
classical,n/a,75,150.5423,72
pqc,ML-KEM-512,0,0.2462,1576
pqc,ML-KEM-512,0,0.2732,1576
pqc,ML-KEM-512,0,0.2315,1576
pqc,ML-KEM-512,0,0.2331,1576
pqc,ML-KEM-512,0,0.2638,1576
pqc,ML-KEM-512,0,0.3532,1576
pqc,ML-KEM-512,0,0.2322,1576
pqc,ML-KEM-512,0,0.4803,1576
pqc,ML-KEM-512,0,0.4514,1576
pqc,ML-KEM-512,0,0.2673,1576
pqc,ML-KEM-512,0,0.2543,1576
pqc,ML-KEM-512,0,0.283,1576
pqc,ML-KEM-512,0,0.2501,1576
pqc,ML-KEM-512,0,0.1098,1576
pqc,ML-KEM-512,0,0.2783,1576
pqc,ML-KEM-512,0,0.2302,1576
pqc,ML-KEM-512,0,0.2312,1576
pqc,ML-KEM-512,0,0.2278,1576
pqc,ML-KEM-512,0,0.2383,1576
pqc,ML-KEM-512,0,0.2607,1576
pqc,ML-KEM-512,0,0.2246,1576
pqc,ML-KEM-512,0,0.2191,1576
pqc,ML-KEM-512,0,0.2261,1576
pqc,ML-KEM-512,0,0.2367,1576
pqc,ML-KEM-512,0,0.2686,1576
pqc,ML-KEM-512,0,0.2549,1576
pqc,ML-KEM-512,0,0.2525,1576
pqc,ML-KEM-512,0,0.281,1576
pqc,ML-KEM-512,0,0.2452,1576
pqc,ML-KEM-512,0,0.2474,1576
pqc,ML-KEM-512,0,0.2453,1576
pqc,ML-KEM-512,0,0.2409,1576
pqc,ML-KEM-512,0,0.2886,1576
pqc,ML-KEM-512,0,0.2412,1576
pqc,ML-KEM-512,0,0.2468,1576
pqc,ML-KEM-512,0,0.2409,1576
pqc,ML-KEM-512,0,0.2439,1576
pqc,ML-KEM-512,0,0.297,1576
pqc,ML-KEM-512,0,0.2433,1576
pqc,ML-KEM-512,0,0.242,1576
pqc,ML-KEM-512,0,0.3045,1576
pqc,ML-KEM-512,0,0.2442,1576
pqc,ML-KEM-512,0,0.2428,1576
pqc,ML-KEM-512,0,0.2434,1576
pqc,ML-KEM-512,0,0.2465,1576
pqc,ML-KEM-512,0,0.3167,1576
pqc,ML-KEM-512,0,0.2405,1576
pqc,ML-KEM-512,0,0.246,1576
pqc,ML-KEM-512,0,0.2416,1576
pqc,ML-KEM-512,0,0.2426,1576
pqc,ML-KEM-512,0,0.2758,1576
pqc,ML-KEM-512,0,0.2419,1576
pqc,ML-KEM-512,0,0.2434,1576
pqc,ML-KEM-512,0,0.2361,1576
pqc,ML-KEM-512,0,0.2435,1576
pqc,ML-KEM-512,0,0.2645,1576
pqc,ML-KEM-512,0,0.2443,1576
pqc,ML-KEM-512,0,0.2454,1576
pqc,ML-KEM-512,0,0.2465,1576
pqc,ML-KEM-512,0,0.2392,1576
pqc,ML-KEM-512,20,40.4794,1576
pqc,ML-KEM-512,20,40.4786,1576
pqc,ML-KEM-512,20,40.4576,1576
pqc,ML-KEM-512,20,40.4886,1576
pqc,ML-KEM-512,20,40.4553,1576
pqc,ML-KEM-512,20,40.5013,1576
pqc,ML-KEM-512,20,40.5098,1576
pqc,ML-KEM-512,20,40.4427,1576
pqc,ML-KEM-512,20,40.4606,1576
pqc,ML-KEM-512,20,40.4675,1576
pqc,ML-KEM-512,20,40.4567,1576
pqc,ML-KEM-512,20,40.4463,1576
pqc,ML-KEM-512,20,40.4752,1576
pqc,ML-KEM-512,20,40.4428,1576
pqc,ML-KEM-512,20,40.4421,1576
pqc,ML-KEM-512,20,40.4752,1576
pqc,ML-KEM-512,20,40.4901,1576
pqc,ML-KEM-512,20,40.4586,1576
pqc,ML-KEM-512,20,40.4459,1576
pqc,ML-KEM-512,20,40.4208,1576
pqc,ML-KEM-512,20,41.023,1576
pqc,ML-KEM-512,20,40.6016,1576
pqc,ML-KEM-512,20,41.2372,1576
pqc,ML-KEM-512,20,40.5036,1576
pqc,ML-KEM-512,20,40.5714,1576
pqc,ML-KEM-512,20,41.0142,1576
pqc,ML-KEM-512,20,40.692,1576
pqc,ML-KEM-512,20,40.6412,1576
pqc,ML-KEM-512,20,40.4995,1576
pqc,ML-KEM-512,20,40.4588,1576
pqc,ML-KEM-512,20,40.4653,1576
pqc,ML-KEM-512,20,40.4821,1576
pqc,ML-KEM-512,20,40.4675,1576
pqc,ML-KEM-512,20,40.4708,1576
pqc,ML-KEM-512,20,40.5496,1576
pqc,ML-KEM-512,20,40.4901,1576
pqc,ML-KEM-512,20,40.4278,1576
pqc,ML-KEM-512,20,40.492,1576
pqc,ML-KEM-512,20,40.4695,1576
pqc,ML-KEM-512,20,42.0064,1576
pqc,ML-KEM-512,20,40.471,1576
pqc,ML-KEM-512,20,40.4632,1576
pqc,ML-KEM-512,20,40.4675,1576
pqc,ML-KEM-512,20,40.478,1576
pqc,ML-KEM-512,20,40.4778,1576
pqc,ML-KEM-512,20,40.4697,1576
pqc,ML-KEM-512,20,40.4687,1576
pqc,ML-KEM-512,20,40.469,1576
pqc,ML-KEM-512,20,40.4579,1576
pqc,ML-KEM-512,20,40.4589,1576
pqc,ML-KEM-512,20,40.434,1576
pqc,ML-KEM-512,20,40.4356,1576
pqc,ML-KEM-512,20,40.487,1576
pqc,ML-KEM-512,20,40.4595,1576
pqc,ML-KEM-512,20,40.5186,1576
pqc,ML-KEM-512,20,40.4556,1576
pqc,ML-KEM-512,20,40.4736,1576
pqc,ML-KEM-512,20,40.4775,1576
pqc,ML-KEM-512,20,40.4571,1576
pqc,ML-KEM-512,20,40.4375,1576
pqc,ML-KEM-512,75,150.6366,1576
pqc,ML-KEM-512,75,150.6531,1576
pqc,ML-KEM-512,75,150.5207,1576
pqc,ML-KEM-512,75,150.6233,1576
pqc,ML-KEM-512,75,150.5121,1576
pqc,ML-KEM-512,75,150.4664,1576
pqc,ML-KEM-512,75,150.5715,1576
pqc,ML-KEM-512,75,150.4878,1576
pqc,ML-KEM-512,75,150.6028,1576
pqc,ML-KEM-512,75,150.5208,1576
pqc,ML-KEM-512,75,150.6432,1576
pqc,ML-KEM-512,75,150.6432,1576
pqc,ML-KEM-512,75,150.5348,1576
pqc,ML-KEM-512,75,150.5425,1576
pqc,ML-KEM-512,75,150.6033,1576
pqc,ML-KEM-512,75,150.501,1576
pqc,ML-KEM-512,75,150.4882,1576
pqc,ML-KEM-512,75,150.559,1576
pqc,ML-KEM-512,75,150.4687,1576
pqc,ML-KEM-512,75,150.5074,1576
pqc,ML-KEM-512,75,150.49,1576
pqc,ML-KEM-512,75,150.4848,1576
pqc,ML-KEM-512,75,150.4977,1576
pqc,ML-KEM-512,75,150.5306,1576
pqc,ML-KEM-512,75,150.4868,1576
pqc,ML-KEM-512,75,150.5018,1576
pqc,ML-KEM-512,75,150.6083,1576
pqc,ML-KEM-512,75,150.5123,1576
pqc,ML-KEM-512,75,150.6112,1576
pqc,ML-KEM-512,75,150.5186,1576
pqc,ML-KEM-512,75,150.501,1576
pqc,ML-KEM-512,75,150.5274,1576
pqc,ML-KEM-512,75,150.5425,1576
pqc,ML-KEM-512,75,150.6448,1576
pqc,ML-KEM-512,75,150.6112,1576
pqc,ML-KEM-512,75,150.5126,1576
pqc,ML-KEM-512,75,150.776,1576
pqc,ML-KEM-512,75,150.6277,1576
pqc,ML-KEM-512,75,150.5547,1576
pqc,ML-KEM-512,75,150.6249,1576
pqc,ML-KEM-512,75,150.5363,1576
pqc,ML-KEM-512,75,150.5241,1576
pqc,ML-KEM-512,75,150.4813,1576
pqc,ML-KEM-512,75,150.4944,1576
pqc,ML-KEM-512,75,150.5222,1576
pqc,ML-KEM-512,75,150.4836,1576
pqc,ML-KEM-512,75,150.5421,1576
pqc,ML-KEM-512,75,150.4929,1576
pqc,ML-KEM-512,75,150.6549,1576
pqc,ML-KEM-512,75,150.5724,1576
pqc,ML-KEM-512,75,150.5779,1576
pqc,ML-KEM-512,75,150.5457,1576
pqc,ML-KEM-512,75,150.6174,1576
pqc,ML-KEM-512,75,151.1906,1576
pqc,ML-KEM-512,75,150.5929,1576
pqc,ML-KEM-512,75,150.5456,1576
pqc,ML-KEM-512,75,150.8134,1576
pqc,ML-KEM-512,75,150.8301,1576
pqc,ML-KEM-512,75,150.5468,1576
pqc,ML-KEM-512,75,150.5769,1576
pqc,ML-KEM-768,0,0.2966,2280
pqc,ML-KEM-768,0,0.2943,2280
pqc,ML-KEM-768,0,0.26,2280
pqc,ML-KEM-768,0,0.2605,2280
pqc,ML-KEM-768,0,0.2907,2280
pqc,ML-KEM-768,0,0.2611,2280
pqc,ML-KEM-768,0,0.4679,2280
pqc,ML-KEM-768,0,0.3323,2280
pqc,ML-KEM-768,0,0.2781,2280
pqc,ML-KEM-768,0,0.2785,2280
pqc,ML-KEM-768,0,0.2768,2280
pqc,ML-KEM-768,0,0.3518,2280
pqc,ML-KEM-768,0,0.2606,2280
pqc,ML-KEM-768,0,0.2617,2280
pqc,ML-KEM-768,0,0.2952,2280
pqc,ML-KEM-768,0,0.2583,2280
pqc,ML-KEM-768,0,0.2595,2280
pqc,ML-KEM-768,0,0.2918,2280
pqc,ML-KEM-768,0,0.2512,2280
pqc,ML-KEM-768,0,0.2581,2280
pqc,ML-KEM-768,0,0.2923,2280
pqc,ML-KEM-768,0,0.2575,2280
pqc,ML-KEM-768,0,0.3163,2280
pqc,ML-KEM-768,0,0.3033,2280
pqc,ML-KEM-768,0,0.2597,2280
pqc,ML-KEM-768,0,0.2604,2280
pqc,ML-KEM-768,0,0.2902,2280
pqc,ML-KEM-768,0,0.2552,2280
pqc,ML-KEM-768,0,0.2577,2280
pqc,ML-KEM-768,0,0.2549,2280
pqc,ML-KEM-768,0,0.2569,2280
pqc,ML-KEM-768,0,0.2758,2280
pqc,ML-KEM-768,0,0.2571,2280
pqc,ML-KEM-768,0,0.2591,2280
pqc,ML-KEM-768,0,0.3289,2280
pqc,ML-KEM-768,0,0.2594,2280
pqc,ML-KEM-768,0,0.2541,2280
pqc,ML-KEM-768,0,0.3197,2280
pqc,ML-KEM-768,0,0.256,2280
pqc,ML-KEM-768,0,0.2561,2280
pqc,ML-KEM-768,0,0.2715,2280
pqc,ML-KEM-768,0,0.2543,2280
pqc,ML-KEM-768,0,0.2567,2280
pqc,ML-KEM-768,0,0.2537,2280
pqc,ML-KEM-768,0,0.2585,2280
pqc,ML-KEM-768,0,0.2978,2280
pqc,ML-KEM-768,0,0.2635,2280
pqc,ML-KEM-768,0,0.2712,2280
pqc,ML-KEM-768,0,0.2987,2280
pqc,ML-KEM-768,0,0.2458,2280
pqc,ML-KEM-768,0,0.2416,2280
pqc,ML-KEM-768,0,0.3176,2280
pqc,ML-KEM-768,0,0.2596,2280
pqc,ML-KEM-768,0,0.2647,2280
pqc,ML-KEM-768,0,0.4597,2280
pqc,ML-KEM-768,0,0.2602,2280
pqc,ML-KEM-768,0,0.2698,2280
pqc,ML-KEM-768,0,0.2551,2280
pqc,ML-KEM-768,0,0.1555,2280
pqc,ML-KEM-768,0,0.5845,2280
pqc,ML-KEM-768,20,40.4601,2280
pqc,ML-KEM-768,20,41.6806,2280
pqc,ML-KEM-768,20,40.4902,2280
pqc,ML-KEM-768,20,40.4676,2280
pqc,ML-KEM-768,20,40.4855,2280
pqc,ML-KEM-768,20,40.4812,2280
pqc,ML-KEM-768,20,40.4529,2280
pqc,ML-KEM-768,20,40.4865,2280
pqc,ML-KEM-768,20,40.4881,2280
pqc,ML-KEM-768,20,40.472,2280
pqc,ML-KEM-768,20,40.4672,2280
pqc,ML-KEM-768,20,40.5154,2280
pqc,ML-KEM-768,20,40.511,2280
pqc,ML-KEM-768,20,40.4821,2280
pqc,ML-KEM-768,20,40.4964,2280
pqc,ML-KEM-768,20,40.4817,2280
pqc,ML-KEM-768,20,40.4851,2280
pqc,ML-KEM-768,20,40.5073,2280
pqc,ML-KEM-768,20,40.4909,2280
pqc,ML-KEM-768,20,40.4757,2280
pqc,ML-KEM-768,20,40.4405,2280
pqc,ML-KEM-768,20,40.4677,2280
pqc,ML-KEM-768,20,40.9764,2280
pqc,ML-KEM-768,20,40.746,2280
pqc,ML-KEM-768,20,40.7021,2280
pqc,ML-KEM-768,20,40.5006,2280
pqc,ML-KEM-768,20,40.5021,2280
pqc,ML-KEM-768,20,40.64,2280
pqc,ML-KEM-768,20,40.4681,2280
pqc,ML-KEM-768,20,40.4681,2280
pqc,ML-KEM-768,20,40.4718,2280
pqc,ML-KEM-768,20,40.4705,2280
pqc,ML-KEM-768,20,40.5134,2280
pqc,ML-KEM-768,20,40.4666,2280
pqc,ML-KEM-768,20,40.5435,2280
pqc,ML-KEM-768,20,40.502,2280
pqc,ML-KEM-768,20,40.4973,2280
pqc,ML-KEM-768,20,40.4597,2280
pqc,ML-KEM-768,20,40.7506,2280
pqc,ML-KEM-768,20,40.5025,2280
pqc,ML-KEM-768,20,40.4775,2280
pqc,ML-KEM-768,20,40.4972,2280
pqc,ML-KEM-768,20,40.4852,2280
pqc,ML-KEM-768,20,41.6881,2280
pqc,ML-KEM-768,20,40.8293,2280
pqc,ML-KEM-768,20,40.4984,2280
pqc,ML-KEM-768,20,40.492,2280
pqc,ML-KEM-768,20,40.4354,2280
pqc,ML-KEM-768,20,40.5116,2280
pqc,ML-KEM-768,20,40.5791,2280
pqc,ML-KEM-768,20,40.5022,2280
pqc,ML-KEM-768,20,40.4665,2280
pqc,ML-KEM-768,20,40.4865,2280
pqc,ML-KEM-768,20,40.5722,2280
pqc,ML-KEM-768,20,40.493,2280
pqc,ML-KEM-768,20,40.505,2280
pqc,ML-KEM-768,20,40.5029,2280
pqc,ML-KEM-768,20,40.501,2280
pqc,ML-KEM-768,20,40.494,2280
pqc,ML-KEM-768,20,40.4967,2280
pqc,ML-KEM-768,75,150.5895,2280
pqc,ML-KEM-768,75,150.5019,2280
pqc,ML-KEM-768,75,150.5467,2280
pqc,ML-KEM-768,75,151.356,2280
pqc,ML-KEM-768,75,150.5767,2280
pqc,ML-KEM-768,75,150.4926,2280
pqc,ML-KEM-768,75,150.6487,2280
pqc,ML-KEM-768,75,150.5594,2280
pqc,ML-KEM-768,75,150.7315,2280
pqc,ML-KEM-768,75,150.5709,2280
pqc,ML-KEM-768,75,150.368,2280
pqc,ML-KEM-768,75,150.5164,2280
pqc,ML-KEM-768,75,150.5229,2280
pqc,ML-KEM-768,75,150.6175,2280
pqc,ML-KEM-768,75,150.7125,2280
pqc,ML-KEM-768,75,150.5354,2280
pqc,ML-KEM-768,75,150.5394,2280
pqc,ML-KEM-768,75,150.6572,2280
pqc,ML-KEM-768,75,150.5178,2280
pqc,ML-KEM-768,75,150.6277,2280
pqc,ML-KEM-768,75,150.614,2280
pqc,ML-KEM-768,75,151.6411,2280
pqc,ML-KEM-768,75,152.8906,2280
pqc,ML-KEM-768,75,150.5208,2280
pqc,ML-KEM-768,75,150.5557,2280
pqc,ML-KEM-768,75,150.5393,2280
pqc,ML-KEM-768,75,150.5379,2280
pqc,ML-KEM-768,75,150.5488,2280
pqc,ML-KEM-768,75,150.5396,2280
pqc,ML-KEM-768,75,150.5835,2280
pqc,ML-KEM-768,75,151.8162,2280
pqc,ML-KEM-768,75,150.6403,2280
pqc,ML-KEM-768,75,150.6194,2280
pqc,ML-KEM-768,75,150.6435,2280
pqc,ML-KEM-768,75,150.7218,2280
pqc,ML-KEM-768,75,150.6142,2280
pqc,ML-KEM-768,75,150.5372,2280
pqc,ML-KEM-768,75,150.5516,2280
pqc,ML-KEM-768,75,150.5772,2280
pqc,ML-KEM-768,75,150.6031,2280
pqc,ML-KEM-768,75,150.6785,2280
pqc,ML-KEM-768,75,150.6045,2280
pqc,ML-KEM-768,75,150.5265,2280
pqc,ML-KEM-768,75,150.5451,2280
pqc,ML-KEM-768,75,150.5358,2280
pqc,ML-KEM-768,75,151.2644,2280
pqc,ML-KEM-768,75,151.4756,2280
pqc,ML-KEM-768,75,150.6741,2280
pqc,ML-KEM-768,75,150.8152,2280
pqc,ML-KEM-768,75,150.547,2280
pqc,ML-KEM-768,75,150.524,2280
pqc,ML-KEM-768,75,150.5759,2280
pqc,ML-KEM-768,75,150.5866,2280
pqc,ML-KEM-768,75,150.5302,2280
pqc,ML-KEM-768,75,150.5016,2280
pqc,ML-KEM-768,75,151.9042,2280
pqc,ML-KEM-768,75,150.5558,2280
pqc,ML-KEM-768,75,150.5161,2280
pqc,ML-KEM-768,75,150.6667,2280
pqc,ML-KEM-768,75,150.611,2280
pqc,ML-KEM-1024,0,0.2883,3144
pqc,ML-KEM-1024,0,0.3164,3144
pqc,ML-KEM-1024,0,0.2773,3144
pqc,ML-KEM-1024,0,0.2759,3144
pqc,ML-KEM-1024,0,0.3118,3144
pqc,ML-KEM-1024,0,0.2756,3144
pqc,ML-KEM-1024,0,0.315,3144
pqc,ML-KEM-1024,0,0.2797,3144
pqc,ML-KEM-1024,0,0.2878,3144
pqc,ML-KEM-1024,0,0.287,3144
pqc,ML-KEM-1024,0,0.3552,3144
pqc,ML-KEM-1024,0,0.2774,3144
pqc,ML-KEM-1024,0,0.2765,3144
pqc,ML-KEM-1024,0,0.3108,3144
pqc,ML-KEM-1024,0,0.2705,3144
pqc,ML-KEM-1024,0,0.2767,3144
pqc,ML-KEM-1024,0,0.3022,3144
pqc,ML-KEM-1024,0,0.2752,3144
pqc,ML-KEM-1024,0,0.2736,3144
pqc,ML-KEM-1024,0,0.2999,3144
pqc,ML-KEM-1024,0,0.2739,3144
pqc,ML-KEM-1024,0,0.276,3144
pqc,ML-KEM-1024,0,0.2771,3144
pqc,ML-KEM-1024,0,0.2758,3144
pqc,ML-KEM-1024,0,0.2683,3144
pqc,ML-KEM-1024,0,0.2767,3144
pqc,ML-KEM-1024,0,0.2712,3144
pqc,ML-KEM-1024,0,0.2743,3144
pqc,ML-KEM-1024,0,0.2749,3144
pqc,ML-KEM-1024,0,0.28,3144
pqc,ML-KEM-1024,0,0.2683,3144
pqc,ML-KEM-1024,0,0.1425,3144
pqc,ML-KEM-1024,0,0.3184,3144
pqc,ML-KEM-1024,0,0.3292,3144
pqc,ML-KEM-1024,0,0.2993,3144
pqc,ML-KEM-1024,0,0.269,3144
pqc,ML-KEM-1024,0,0.3626,3144
pqc,ML-KEM-1024,0,0.3231,3144
pqc,ML-KEM-1024,0,0.4881,3144
pqc,ML-KEM-1024,0,0.4645,3144
pqc,ML-KEM-1024,0,0.4393,3144
pqc,ML-KEM-1024,0,0.2919,3144
pqc,ML-KEM-1024,0,0.258,3144
pqc,ML-KEM-1024,0,0.2726,3144
pqc,ML-KEM-1024,0,0.2618,3144
pqc,ML-KEM-1024,0,0.2587,3144
pqc,ML-KEM-1024,0,0.2657,3144
pqc,ML-KEM-1024,0,0.2568,3144
pqc,ML-KEM-1024,0,0.2776,3144
pqc,ML-KEM-1024,0,0.4263,3144
pqc,ML-KEM-1024,0,0.2568,3144
pqc,ML-KEM-1024,0,0.2809,3144
pqc,ML-KEM-1024,0,0.2607,3144
pqc,ML-KEM-1024,0,0.2861,3144
pqc,ML-KEM-1024,0,0.3024,3144
pqc,ML-KEM-1024,0,0.2699,3144
pqc,ML-KEM-1024,0,0.2743,3144
pqc,ML-KEM-1024,0,0.2568,3144
pqc,ML-KEM-1024,0,0.256,3144
pqc,ML-KEM-1024,0,0.2907,3144
pqc,ML-KEM-1024,20,40.5188,3144
pqc,ML-KEM-1024,20,40.6788,3144
pqc,ML-KEM-1024,20,40.5192,3144
pqc,ML-KEM-1024,20,40.5137,3144
pqc,ML-KEM-1024,20,40.5074,3144
pqc,ML-KEM-1024,20,40.5095,3144
pqc,ML-KEM-1024,20,40.4628,3144
pqc,ML-KEM-1024,20,40.5106,3144
pqc,ML-KEM-1024,20,40.5472,3144
pqc,ML-KEM-1024,20,40.5216,3144
pqc,ML-KEM-1024,20,40.4821,3144
pqc,ML-KEM-1024,20,40.4874,3144
pqc,ML-KEM-1024,20,40.4872,3144
pqc,ML-KEM-1024,20,40.4934,3144
pqc,ML-KEM-1024,20,40.4871,3144
pqc,ML-KEM-1024,20,40.4944,3144
pqc,ML-KEM-1024,20,40.4956,3144
pqc,ML-KEM-1024,20,40.5093,3144
pqc,ML-KEM-1024,20,40.4901,3144
pqc,ML-KEM-1024,20,40.4593,3144
pqc,ML-KEM-1024,20,40.4759,3144
pqc,ML-KEM-1024,20,40.5089,3144
pqc,ML-KEM-1024,20,41.6866,3144
pqc,ML-KEM-1024,20,40.5191,3144
pqc,ML-KEM-1024,20,40.7753,3144
pqc,ML-KEM-1024,20,40.4968,3144
pqc,ML-KEM-1024,20,40.485,3144
pqc,ML-KEM-1024,20,40.4901,3144
pqc,ML-KEM-1024,20,40.5937,3144
pqc,ML-KEM-1024,20,40.5167,3144
pqc,ML-KEM-1024,20,40.5893,3144
pqc,ML-KEM-1024,20,40.4667,3144
pqc,ML-KEM-1024,20,42.6436,3144
pqc,ML-KEM-1024,20,41.3525,3144
pqc,ML-KEM-1024,20,40.5608,3144
pqc,ML-KEM-1024,20,40.5591,3144
pqc,ML-KEM-1024,20,40.5374,3144
pqc,ML-KEM-1024,20,40.6202,3144
pqc,ML-KEM-1024,20,40.5155,3144
pqc,ML-KEM-1024,20,40.4711,3144
pqc,ML-KEM-1024,20,40.5021,3144
pqc,ML-KEM-1024,20,40.5035,3144
pqc,ML-KEM-1024,20,40.5197,3144
pqc,ML-KEM-1024,20,40.5128,3144
pqc,ML-KEM-1024,20,40.4942,3144
pqc,ML-KEM-1024,20,40.5001,3144
pqc,ML-KEM-1024,20,40.5296,3144
pqc,ML-KEM-1024,20,42.8368,3144
pqc,ML-KEM-1024,20,40.5997,3144
pqc,ML-KEM-1024,20,40.4875,3144
pqc,ML-KEM-1024,20,40.532,3144
pqc,ML-KEM-1024,20,40.5083,3144
pqc,ML-KEM-1024,20,40.5605,3144
pqc,ML-KEM-1024,20,40.3523,3144
pqc,ML-KEM-1024,20,40.533,3144
pqc,ML-KEM-1024,20,40.5341,3144
pqc,ML-KEM-1024,20,40.4658,3144
pqc,ML-KEM-1024,20,40.5307,3144
pqc,ML-KEM-1024,20,40.5527,3144
pqc,ML-KEM-1024,20,40.5792,3144
pqc,ML-KEM-1024,75,150.6217,3144
pqc,ML-KEM-1024,75,150.6585,3144
pqc,ML-KEM-1024,75,150.8055,3144
pqc,ML-KEM-1024,75,150.5605,3144
pqc,ML-KEM-1024,75,150.552,3144
pqc,ML-KEM-1024,75,150.5995,3144
pqc,ML-KEM-1024,75,150.6759,3144
pqc,ML-KEM-1024,75,150.5656,3144
pqc,ML-KEM-1024,75,150.5671,3144
pqc,ML-KEM-1024,75,150.5619,3144
pqc,ML-KEM-1024,75,150.5995,3144
pqc,ML-KEM-1024,75,150.6637,3144
pqc,ML-KEM-1024,75,150.6123,3144
pqc,ML-KEM-1024,75,150.5737,3144
pqc,ML-KEM-1024,75,150.6075,3144
pqc,ML-KEM-1024,75,150.616,3144
pqc,ML-KEM-1024,75,150.66,3144
pqc,ML-KEM-1024,75,150.6792,3144
pqc,ML-KEM-1024,75,150.6119,3144
pqc,ML-KEM-1024,75,150.6761,3144
pqc,ML-KEM-1024,75,150.5677,3144
pqc,ML-KEM-1024,75,150.5228,3144
pqc,ML-KEM-1024,75,150.5947,3144
pqc,ML-KEM-1024,75,150.6169,3144
pqc,ML-KEM-1024,75,150.6154,3144
pqc,ML-KEM-1024,75,150.9629,3144
pqc,ML-KEM-1024,75,150.908,3144
pqc,ML-KEM-1024,75,150.5987,3144
pqc,ML-KEM-1024,75,150.5844,3144
pqc,ML-KEM-1024,75,150.5406,3144
pqc,ML-KEM-1024,75,150.5577,3144
pqc,ML-KEM-1024,75,150.6243,3144
pqc,ML-KEM-1024,75,150.6209,3144
pqc,ML-KEM-1024,75,150.8369,3144
pqc,ML-KEM-1024,75,150.6745,3144
pqc,ML-KEM-1024,75,150.7468,3144
pqc,ML-KEM-1024,75,150.7726,3144
pqc,ML-KEM-1024,75,150.5204,3144
pqc,ML-KEM-1024,75,150.5831,3144
pqc,ML-KEM-1024,75,151.9289,3144
pqc,ML-KEM-1024,75,150.576,3144
pqc,ML-KEM-1024,75,151.2012,3144
pqc,ML-KEM-1024,75,150.7178,3144
pqc,ML-KEM-1024,75,150.5396,3144
pqc,ML-KEM-1024,75,152.9175,3144
pqc,ML-KEM-1024,75,150.6305,3144
pqc,ML-KEM-1024,75,150.4823,3144
pqc,ML-KEM-1024,75,150.5204,3144
pqc,ML-KEM-1024,75,150.5922,3144
pqc,ML-KEM-1024,75,150.6293,3144
pqc,ML-KEM-1024,75,150.6073,3144
pqc,ML-KEM-1024,75,150.5905,3144
pqc,ML-KEM-1024,75,150.5233,3144
pqc,ML-KEM-1024,75,150.5791,3144
pqc,ML-KEM-1024,75,150.5785,3144
pqc,ML-KEM-1024,75,150.581,3144
pqc,ML-KEM-1024,75,150.6192,3144
pqc,ML-KEM-1024,75,150.5394,3144
pqc,ML-KEM-1024,75,150.6072,3144
pqc,ML-KEM-1024,75,150.6006,3144
hybrid,ML-KEM-512,0,0.4225,1648
hybrid,ML-KEM-512,0,0.4077,1648
hybrid,ML-KEM-512,0,0.4036,1648
hybrid,ML-KEM-512,0,0.4331,1648
hybrid,ML-KEM-512,0,0.4358,1648
hybrid,ML-KEM-512,0,0.4428,1648
hybrid,ML-KEM-512,0,1.4989,1648
hybrid,ML-KEM-512,0,0.4774,1648
hybrid,ML-KEM-512,0,0.4397,1648
hybrid,ML-KEM-512,0,0.4241,1648
hybrid,ML-KEM-512,0,0.4081,1648
hybrid,ML-KEM-512,0,0.3996,1648
hybrid,ML-KEM-512,0,0.394,1648
hybrid,ML-KEM-512,0,0.4701,1648
hybrid,ML-KEM-512,0,0.5085,1648
hybrid,ML-KEM-512,0,0.6927,1648
hybrid,ML-KEM-512,0,0.7466,1648
hybrid,ML-KEM-512,0,0.7503,1648
hybrid,ML-KEM-512,0,0.544,1648
hybrid,ML-KEM-512,0,0.4041,1648
hybrid,ML-KEM-512,0,0.4517,1648
hybrid,ML-KEM-512,0,0.437,1648
hybrid,ML-KEM-512,0,0.3981,1648
hybrid,ML-KEM-512,0,0.4,1648
hybrid,ML-KEM-512,0,0.3969,1648
hybrid,ML-KEM-512,0,0.4016,1648
hybrid,ML-KEM-512,0,0.4217,1648
hybrid,ML-KEM-512,0,0.4611,1648
hybrid,ML-KEM-512,0,0.4379,1648
hybrid,ML-KEM-512,0,0.3934,1648
hybrid,ML-KEM-512,0,0.3987,1648
hybrid,ML-KEM-512,0,0.3965,1648
hybrid,ML-KEM-512,0,0.4267,1648
hybrid,ML-KEM-512,0,0.4549,1648
hybrid,ML-KEM-512,0,0.4347,1648
hybrid,ML-KEM-512,0,0.3982,1648
hybrid,ML-KEM-512,0,0.3994,1648
hybrid,ML-KEM-512,0,0.3947,1648
hybrid,ML-KEM-512,0,0.417,1648
hybrid,ML-KEM-512,0,0.4323,1648
hybrid,ML-KEM-512,0,0.4391,1648
hybrid,ML-KEM-512,0,0.4016,1648
hybrid,ML-KEM-512,0,0.3902,1648
hybrid,ML-KEM-512,0,0.3984,1648
hybrid,ML-KEM-512,0,0.4391,1648
hybrid,ML-KEM-512,0,0.4416,1648
hybrid,ML-KEM-512,0,0.4272,1648
hybrid,ML-KEM-512,0,0.399,1648
hybrid,ML-KEM-512,0,0.3971,1648
hybrid,ML-KEM-512,0,0.4395,1648
hybrid,ML-KEM-512,0,0.6495,1648
hybrid,ML-KEM-512,0,0.6931,1648
hybrid,ML-KEM-512,0,0.7222,1648
hybrid,ML-KEM-512,0,0.7065,1648
hybrid,ML-KEM-512,0,0.853,1648
hybrid,ML-KEM-512,0,0.6883,1648
hybrid,ML-KEM-512,0,0.7207,1648
hybrid,ML-KEM-512,0,0.7084,1648
hybrid,ML-KEM-512,0,0.6969,1648
hybrid,ML-KEM-512,0,0.7037,1648
hybrid,ML-KEM-512,20,40.6733,1648
hybrid,ML-KEM-512,20,41.0659,1648
hybrid,ML-KEM-512,20,40.6799,1648
hybrid,ML-KEM-512,20,41.607,1648
hybrid,ML-KEM-512,20,40.9934,1648
hybrid,ML-KEM-512,20,41.1877,1648
hybrid,ML-KEM-512,20,40.8137,1648
hybrid,ML-KEM-512,20,40.7133,1648
hybrid,ML-KEM-512,20,40.8546,1648
hybrid,ML-KEM-512,20,40.7682,1648
hybrid,ML-KEM-512,20,40.651,1648
hybrid,ML-KEM-512,20,40.9974,1648
hybrid,ML-KEM-512,20,40.817,1648
hybrid,ML-KEM-512,20,40.7071,1648
hybrid,ML-KEM-512,20,40.6729,1648
hybrid,ML-KEM-512,20,40.6766,1648
hybrid,ML-KEM-512,20,40.8497,1648
hybrid,ML-KEM-512,20,40.6175,1648
hybrid,ML-KEM-512,20,40.8054,1648
hybrid,ML-KEM-512,20,40.713,1648
hybrid,ML-KEM-512,20,40.6593,1648
hybrid,ML-KEM-512,20,40.9805,1648
hybrid,ML-KEM-512,20,40.8985,1648
hybrid,ML-KEM-512,20,40.8134,1648
hybrid,ML-KEM-512,20,40.7303,1648
hybrid,ML-KEM-512,20,40.7779,1648
hybrid,ML-KEM-512,20,41.4048,1648
hybrid,ML-KEM-512,20,40.7089,1648
hybrid,ML-KEM-512,20,40.7291,1648
hybrid,ML-KEM-512,20,40.6558,1648
hybrid,ML-KEM-512,20,40.7293,1648
hybrid,ML-KEM-512,20,40.7354,1648
hybrid,ML-KEM-512,20,40.6116,1648
hybrid,ML-KEM-512,20,40.6323,1648
hybrid,ML-KEM-512,20,41.4853,1648
hybrid,ML-KEM-512,20,40.7195,1648
hybrid,ML-KEM-512,20,40.7735,1648
hybrid,ML-KEM-512,20,40.6551,1648
hybrid,ML-KEM-512,20,40.7446,1648
hybrid,ML-KEM-512,20,40.6867,1648
hybrid,ML-KEM-512,20,40.6379,1648
hybrid,ML-KEM-512,20,40.6103,1648
hybrid,ML-KEM-512,20,40.9754,1648
hybrid,ML-KEM-512,20,40.7337,1648
hybrid,ML-KEM-512,20,40.7089,1648
hybrid,ML-KEM-512,20,40.8566,1648
hybrid,ML-KEM-512,20,40.7243,1648
hybrid,ML-KEM-512,20,40.6503,1648
hybrid,ML-KEM-512,20,40.6179,1648
hybrid,ML-KEM-512,20,40.7198,1648
hybrid,ML-KEM-512,20,40.9217,1648
hybrid,ML-KEM-512,20,40.6517,1648
hybrid,ML-KEM-512,20,40.7429,1648
hybrid,ML-KEM-512,20,40.7915,1648
hybrid,ML-KEM-512,20,42.2875,1648
hybrid,ML-KEM-512,20,40.6772,1648
hybrid,ML-KEM-512,20,40.5945,1648
hybrid,ML-KEM-512,20,40.8791,1648
hybrid,ML-KEM-512,20,40.5831,1648
hybrid,ML-KEM-512,20,40.651,1648
hybrid,ML-KEM-512,75,152.5516,1648
hybrid,ML-KEM-512,75,150.8625,1648
hybrid,ML-KEM-512,75,150.8059,1648
hybrid,ML-KEM-512,75,150.6743,1648
hybrid,ML-KEM-512,75,150.8037,1648
hybrid,ML-KEM-512,75,150.695,1648
hybrid,ML-KEM-512,75,150.8165,1648
hybrid,ML-KEM-512,75,150.9472,1648
hybrid,ML-KEM-512,75,150.6926,1648
hybrid,ML-KEM-512,75,150.8041,1648
hybrid,ML-KEM-512,75,150.7322,1648
hybrid,ML-KEM-512,75,150.7387,1648
hybrid,ML-KEM-512,75,150.8397,1648
hybrid,ML-KEM-512,75,150.6868,1648
hybrid,ML-KEM-512,75,150.9324,1648
hybrid,ML-KEM-512,75,150.7835,1648
hybrid,ML-KEM-512,75,150.8493,1648
hybrid,ML-KEM-512,75,151.0366,1648
hybrid,ML-KEM-512,75,151.3059,1648
hybrid,ML-KEM-512,75,151.2086,1648
hybrid,ML-KEM-512,75,150.8274,1648
hybrid,ML-KEM-512,75,150.8068,1648
hybrid,ML-KEM-512,75,150.9024,1648
hybrid,ML-KEM-512,75,150.8206,1648
hybrid,ML-KEM-512,75,151.6878,1648
hybrid,ML-KEM-512,75,151.0574,1648
hybrid,ML-KEM-512,75,150.7648,1648
hybrid,ML-KEM-512,75,150.8624,1648
hybrid,ML-KEM-512,75,150.9638,1648
hybrid,ML-KEM-512,75,150.725,1648
hybrid,ML-KEM-512,75,150.7654,1648
hybrid,ML-KEM-512,75,150.8696,1648
hybrid,ML-KEM-512,75,150.8685,1648
hybrid,ML-KEM-512,75,150.8008,1648
hybrid,ML-KEM-512,75,150.9903,1648
hybrid,ML-KEM-512,75,150.8512,1648
hybrid,ML-KEM-512,75,150.8547,1648
hybrid,ML-KEM-512,75,150.907,1648
hybrid,ML-KEM-512,75,150.7774,1648
hybrid,ML-KEM-512,75,150.7379,1648
hybrid,ML-KEM-512,75,150.8181,1648
hybrid,ML-KEM-512,75,150.8381,1648
hybrid,ML-KEM-512,75,150.6573,1648
hybrid,ML-KEM-512,75,150.8164,1648
hybrid,ML-KEM-512,75,150.8438,1648
hybrid,ML-KEM-512,75,150.8432,1648
hybrid,ML-KEM-512,75,150.6973,1648
hybrid,ML-KEM-512,75,150.9356,1648
hybrid,ML-KEM-512,75,150.7471,1648
hybrid,ML-KEM-512,75,150.9199,1648
hybrid,ML-KEM-512,75,150.8314,1648
hybrid,ML-KEM-512,75,150.8147,1648
hybrid,ML-KEM-512,75,151.1002,1648
hybrid,ML-KEM-512,75,150.7555,1648
hybrid,ML-KEM-512,75,151.7038,1648
hybrid,ML-KEM-512,75,150.9197,1648
hybrid,ML-KEM-512,75,150.855,1648
hybrid,ML-KEM-512,75,150.8371,1648
hybrid,ML-KEM-512,75,150.7279,1648
hybrid,ML-KEM-512,75,150.8388,1648
hybrid,ML-KEM-768,0,0.4305,2352
hybrid,ML-KEM-768,0,0.4233,2352
hybrid,ML-KEM-768,0,0.4167,2352
hybrid,ML-KEM-768,0,0.4209,2352
hybrid,ML-KEM-768,0,0.4441,2352
hybrid,ML-KEM-768,0,0.4473,2352
hybrid,ML-KEM-768,0,1.693,2352
hybrid,ML-KEM-768,0,0.4552,2352
hybrid,ML-KEM-768,0,0.45,2352
hybrid,ML-KEM-768,0,0.4657,2352
hybrid,ML-KEM-768,0,0.4348,2352
hybrid,ML-KEM-768,0,0.4154,2352
hybrid,ML-KEM-768,0,0.4157,2352
hybrid,ML-KEM-768,0,0.4159,2352
hybrid,ML-KEM-768,0,0.448,2352
hybrid,ML-KEM-768,0,0.4156,2352
hybrid,ML-KEM-768,0,0.4564,2352
hybrid,ML-KEM-768,0,0.4428,2352
hybrid,ML-KEM-768,0,0.4484,2352
hybrid,ML-KEM-768,0,0.4159,2352
hybrid,ML-KEM-768,0,0.4127,2352
hybrid,ML-KEM-768,0,0.4133,2352
hybrid,ML-KEM-768,0,0.4145,2352
hybrid,ML-KEM-768,0,0.5088,2352
hybrid,ML-KEM-768,0,0.4438,2352
hybrid,ML-KEM-768,0,0.4594,2352
hybrid,ML-KEM-768,0,0.4378,2352
hybrid,ML-KEM-768,0,0.7439,2352
hybrid,ML-KEM-768,0,0.7543,2352
hybrid,ML-KEM-768,0,0.7311,2352
hybrid,ML-KEM-768,0,0.7409,2352
hybrid,ML-KEM-768,0,0.7238,2352
hybrid,ML-KEM-768,0,0.7312,2352
hybrid,ML-KEM-768,0,0.7308,2352
hybrid,ML-KEM-768,0,0.7207,2352
hybrid,ML-KEM-768,0,0.7238,2352
hybrid,ML-KEM-768,0,0.7306,2352
hybrid,ML-KEM-768,0,0.6944,2352
hybrid,ML-KEM-768,0,0.6994,2352
hybrid,ML-KEM-768,0,0.7126,2352
hybrid,ML-KEM-768,0,0.7039,2352
hybrid,ML-KEM-768,0,0.6971,2352
hybrid,ML-KEM-768,0,0.2481,2352
hybrid,ML-KEM-768,0,0.8214,2352
hybrid,ML-KEM-768,0,0.2525,2352
hybrid,ML-KEM-768,0,0.7234,2352
hybrid,ML-KEM-768,0,0.7144,2352
hybrid,ML-KEM-768,0,0.4041,2352
hybrid,ML-KEM-768,0,0.4218,2352
hybrid,ML-KEM-768,0,0.4346,2352
hybrid,ML-KEM-768,0,0.4474,2352
hybrid,ML-KEM-768,0,0.4611,2352
hybrid,ML-KEM-768,0,0.4366,2352
hybrid,ML-KEM-768,0,0.406,2352
hybrid,ML-KEM-768,0,0.4103,2352
hybrid,ML-KEM-768,0,0.4114,2352
hybrid,ML-KEM-768,0,0.4153,2352
hybrid,ML-KEM-768,0,0.5666,2352
hybrid,ML-KEM-768,0,0.4667,2352
hybrid,ML-KEM-768,0,0.4405,2352
hybrid,ML-KEM-768,20,40.6931,2352
hybrid,ML-KEM-768,20,40.6959,2352
hybrid,ML-KEM-768,20,40.76,2352
hybrid,ML-KEM-768,20,42.0881,2352
hybrid,ML-KEM-768,20,40.7016,2352
hybrid,ML-KEM-768,20,40.7766,2352
hybrid,ML-KEM-768,20,40.7666,2352
hybrid,ML-KEM-768,20,40.6351,2352
hybrid,ML-KEM-768,20,40.6949,2352
hybrid,ML-KEM-768,20,40.6285,2352
hybrid,ML-KEM-768,20,40.8471,2352
hybrid,ML-KEM-768,20,40.7157,2352
hybrid,ML-KEM-768,20,40.7599,2352
hybrid,ML-KEM-768,20,40.7473,2352
hybrid,ML-KEM-768,20,40.628,2352
hybrid,ML-KEM-768,20,40.6303,2352
hybrid,ML-KEM-768,20,40.666,2352
hybrid,ML-KEM-768,20,40.6794,2352
hybrid,ML-KEM-768,20,40.6686,2352
hybrid,ML-KEM-768,20,40.6709,2352
hybrid,ML-KEM-768,20,40.8581,2352
hybrid,ML-KEM-768,20,40.6406,2352
hybrid,ML-KEM-768,20,40.872,2352
hybrid,ML-KEM-768,20,40.8186,2352
hybrid,ML-KEM-768,20,41.0074,2352
hybrid,ML-KEM-768,20,40.9155,2352
hybrid,ML-KEM-768,20,40.677,2352
hybrid,ML-KEM-768,20,40.6935,2352
hybrid,ML-KEM-768,20,40.7699,2352
hybrid,ML-KEM-768,20,40.6447,2352
hybrid,ML-KEM-768,20,40.649,2352
hybrid,ML-KEM-768,20,41.4358,2352
hybrid,ML-KEM-768,20,40.7338,2352
hybrid,ML-KEM-768,20,40.7055,2352
hybrid,ML-KEM-768,20,40.8141,2352
hybrid,ML-KEM-768,20,40.7847,2352
hybrid,ML-KEM-768,20,40.661,2352
hybrid,ML-KEM-768,20,40.8608,2352
hybrid,ML-KEM-768,20,40.8428,2352
hybrid,ML-KEM-768,20,40.8475,2352
hybrid,ML-KEM-768,20,40.6917,2352
hybrid,ML-KEM-768,20,40.6485,2352
hybrid,ML-KEM-768,20,40.8266,2352
hybrid,ML-KEM-768,20,40.7206,2352
hybrid,ML-KEM-768,20,40.8071,2352
hybrid,ML-KEM-768,20,40.7685,2352
hybrid,ML-KEM-768,20,40.7523,2352
hybrid,ML-KEM-768,20,40.8805,2352
hybrid,ML-KEM-768,20,40.7267,2352
hybrid,ML-KEM-768,20,40.6465,2352
hybrid,ML-KEM-768,20,40.781,2352
hybrid,ML-KEM-768,20,40.6849,2352
hybrid,ML-KEM-768,20,40.7577,2352
hybrid,ML-KEM-768,20,40.7446,2352
hybrid,ML-KEM-768,20,40.7075,2352
hybrid,ML-KEM-768,20,40.6257,2352
hybrid,ML-KEM-768,20,40.6493,2352
hybrid,ML-KEM-768,20,40.7869,2352
hybrid,ML-KEM-768,20,40.7126,2352
hybrid,ML-KEM-768,20,40.7068,2352
hybrid,ML-KEM-768,75,150.853,2352
hybrid,ML-KEM-768,75,150.7266,2352
hybrid,ML-KEM-768,75,150.9608,2352
hybrid,ML-KEM-768,75,150.8228,2352
hybrid,ML-KEM-768,75,150.9233,2352
hybrid,ML-KEM-768,75,150.7068,2352
hybrid,ML-KEM-768,75,150.9029,2352
hybrid,ML-KEM-768,75,150.8061,2352
hybrid,ML-KEM-768,75,150.837,2352
hybrid,ML-KEM-768,75,150.7608,2352
hybrid,ML-KEM-768,75,150.8138,2352
hybrid,ML-KEM-768,75,150.8437,2352
hybrid,ML-KEM-768,75,150.7653,2352
hybrid,ML-KEM-768,75,152.4608,2352
hybrid,ML-KEM-768,75,151.0743,2352
hybrid,ML-KEM-768,75,150.7998,2352
hybrid,ML-KEM-768,75,151.0759,2352
hybrid,ML-KEM-768,75,150.7731,2352
hybrid,ML-KEM-768,75,150.8047,2352
hybrid,ML-KEM-768,75,150.7549,2352
hybrid,ML-KEM-768,75,150.7719,2352
hybrid,ML-KEM-768,75,150.7716,2352
hybrid,ML-KEM-768,75,151.2823,2352
hybrid,ML-KEM-768,75,150.7345,2352
hybrid,ML-KEM-768,75,150.7166,2352
hybrid,ML-KEM-768,75,150.8328,2352
hybrid,ML-KEM-768,75,150.8403,2352
hybrid,ML-KEM-768,75,151.7635,2352
hybrid,ML-KEM-768,75,150.8592,2352
hybrid,ML-KEM-768,75,150.9213,2352
hybrid,ML-KEM-768,75,150.9415,2352
hybrid,ML-KEM-768,75,150.8064,2352
hybrid,ML-KEM-768,75,150.7623,2352
hybrid,ML-KEM-768,75,150.9592,2352
hybrid,ML-KEM-768,75,150.7548,2352
hybrid,ML-KEM-768,75,150.8287,2352
hybrid,ML-KEM-768,75,150.8124,2352
hybrid,ML-KEM-768,75,150.9115,2352
hybrid,ML-KEM-768,75,150.8592,2352
hybrid,ML-KEM-768,75,150.9212,2352
hybrid,ML-KEM-768,75,150.825,2352
hybrid,ML-KEM-768,75,150.7679,2352
hybrid,ML-KEM-768,75,150.8204,2352
hybrid,ML-KEM-768,75,150.8737,2352
hybrid,ML-KEM-768,75,150.7823,2352
hybrid,ML-KEM-768,75,150.8955,2352
hybrid,ML-KEM-768,75,151.1326,2352
hybrid,ML-KEM-768,75,150.8406,2352
hybrid,ML-KEM-768,75,150.9027,2352
hybrid,ML-KEM-768,75,150.8255,2352
hybrid,ML-KEM-768,75,150.9428,2352
hybrid,ML-KEM-768,75,150.8065,2352
hybrid,ML-KEM-768,75,151.0823,2352
hybrid,ML-KEM-768,75,151.056,2352
hybrid,ML-KEM-768,75,150.7957,2352
hybrid,ML-KEM-768,75,150.792,2352
hybrid,ML-KEM-768,75,150.9423,2352
hybrid,ML-KEM-768,75,150.9785,2352
hybrid,ML-KEM-768,75,150.7421,2352
hybrid,ML-KEM-768,75,150.8357,2352
hybrid,ML-KEM-1024,0,0.4741,3216
hybrid,ML-KEM-1024,0,0.4743,3216
hybrid,ML-KEM-1024,0,0.4652,3216
hybrid,ML-KEM-1024,0,0.4343,3216
hybrid,ML-KEM-1024,0,0.4784,3216
hybrid,ML-KEM-1024,0,0.4375,3216
hybrid,ML-KEM-1024,0,1.6411,3216
hybrid,ML-KEM-1024,0,0.4421,3216
hybrid,ML-KEM-1024,0,0.4397,3216
hybrid,ML-KEM-1024,0,0.4359,3216
hybrid,ML-KEM-1024,0,0.4391,3216
hybrid,ML-KEM-1024,0,0.5381,3216
hybrid,ML-KEM-1024,0,0.7413,3216
hybrid,ML-KEM-1024,0,0.8075,3216
hybrid,ML-KEM-1024,0,0.8236,3216
hybrid,ML-KEM-1024,0,0.8076,3216
hybrid,ML-KEM-1024,0,0.7969,3216
hybrid,ML-KEM-1024,0,0.8006,3216
hybrid,ML-KEM-1024,0,0.8108,3216
hybrid,ML-KEM-1024,0,0.803,3216
hybrid,ML-KEM-1024,0,0.7839,3216
hybrid,ML-KEM-1024,0,0.8096,3216
hybrid,ML-KEM-1024,0,0.8024,3216
hybrid,ML-KEM-1024,0,0.9149,3216
hybrid,ML-KEM-1024,0,0.7755,3216
hybrid,ML-KEM-1024,0,0.8045,3216
hybrid,ML-KEM-1024,0,0.7536,3216
hybrid,ML-KEM-1024,0,0.8141,3216
hybrid,ML-KEM-1024,0,0.7843,3216
hybrid,ML-KEM-1024,0,0.8122,3216
hybrid,ML-KEM-1024,0,0.8129,3216
hybrid,ML-KEM-1024,0,0.7812,3216
hybrid,ML-KEM-1024,0,0.5,3216
hybrid,ML-KEM-1024,0,0.4697,3216
hybrid,ML-KEM-1024,0,0.4609,3216
hybrid,ML-KEM-1024,0,0.4735,3216
hybrid,ML-KEM-1024,0,0.4631,3216
hybrid,ML-KEM-1024,0,0.4301,3216
hybrid,ML-KEM-1024,0,0.4321,3216
hybrid,ML-KEM-1024,0,0.4317,3216
hybrid,ML-KEM-1024,0,0.4384,3216
hybrid,ML-KEM-1024,0,0.4231,3216
hybrid,ML-KEM-1024,0,0.4342,3216
hybrid,ML-KEM-1024,0,0.4972,3216
hybrid,ML-KEM-1024,0,0.501,3216
hybrid,ML-KEM-1024,0,0.4745,3216
hybrid,ML-KEM-1024,0,0.5397,3216
hybrid,ML-KEM-1024,0,0.4627,3216
hybrid,ML-KEM-1024,0,0.4312,3216
hybrid,ML-KEM-1024,0,0.4292,3216
hybrid,ML-KEM-1024,0,0.4307,3216
hybrid,ML-KEM-1024,0,0.4306,3216
hybrid,ML-KEM-1024,0,0.43,3216
hybrid,ML-KEM-1024,0,0.457,3216
hybrid,ML-KEM-1024,0,0.4581,3216
hybrid,ML-KEM-1024,0,0.465,3216
hybrid,ML-KEM-1024,0,0.4604,3216
hybrid,ML-KEM-1024,0,0.4599,3216
hybrid,ML-KEM-1024,0,0.4255,3216
hybrid,ML-KEM-1024,0,0.4273,3216
hybrid,ML-KEM-1024,20,40.8654,3216
hybrid,ML-KEM-1024,20,40.7618,3216
hybrid,ML-KEM-1024,20,41.0392,3216
hybrid,ML-KEM-1024,20,40.8875,3216
hybrid,ML-KEM-1024,20,40.7384,3216
hybrid,ML-KEM-1024,20,40.92,3216
hybrid,ML-KEM-1024,20,40.6328,3216
hybrid,ML-KEM-1024,20,40.7142,3216
hybrid,ML-KEM-1024,20,40.8463,3216
hybrid,ML-KEM-1024,20,40.7174,3216
hybrid,ML-KEM-1024,20,40.7022,3216
hybrid,ML-KEM-1024,20,40.7084,3216
hybrid,ML-KEM-1024,20,40.7086,3216
hybrid,ML-KEM-1024,20,40.9106,3216
hybrid,ML-KEM-1024,20,40.7459,3216
hybrid,ML-KEM-1024,20,40.7221,3216
hybrid,ML-KEM-1024,20,40.6978,3216
hybrid,ML-KEM-1024,20,40.7408,3216
hybrid,ML-KEM-1024,20,40.7315,3216
hybrid,ML-KEM-1024,20,40.5329,3216
hybrid,ML-KEM-1024,20,40.6696,3216
hybrid,ML-KEM-1024,20,42.442,3216
hybrid,ML-KEM-1024,20,40.7527,3216
hybrid,ML-KEM-1024,20,40.6512,3216
hybrid,ML-KEM-1024,20,40.6852,3216
hybrid,ML-KEM-1024,20,40.9261,3216
hybrid,ML-KEM-1024,20,40.7196,3216
hybrid,ML-KEM-1024,20,40.7194,3216
hybrid,ML-KEM-1024,20,40.8464,3216
hybrid,ML-KEM-1024,20,40.6954,3216
hybrid,ML-KEM-1024,20,40.8891,3216
hybrid,ML-KEM-1024,20,40.734,3216
hybrid,ML-KEM-1024,20,40.6556,3216
hybrid,ML-KEM-1024,20,40.6435,3216
hybrid,ML-KEM-1024,20,40.8347,3216
hybrid,ML-KEM-1024,20,40.8759,3216
hybrid,ML-KEM-1024,20,42.9857,3216
hybrid,ML-KEM-1024,20,40.8821,3216
hybrid,ML-KEM-1024,20,40.502,3216
hybrid,ML-KEM-1024,20,40.8499,3216
hybrid,ML-KEM-1024,20,40.8724,3216
hybrid,ML-KEM-1024,20,40.6549,3216
hybrid,ML-KEM-1024,20,40.7565,3216
hybrid,ML-KEM-1024,20,40.6409,3216
hybrid,ML-KEM-1024,20,40.8718,3216
hybrid,ML-KEM-1024,20,40.6689,3216
hybrid,ML-KEM-1024,20,40.7047,3216
hybrid,ML-KEM-1024,20,40.6862,3216
hybrid,ML-KEM-1024,20,40.6862,3216
hybrid,ML-KEM-1024,20,40.7054,3216
hybrid,ML-KEM-1024,20,40.6567,3216
hybrid,ML-KEM-1024,20,40.8377,3216
hybrid,ML-KEM-1024,20,40.642,3216
hybrid,ML-KEM-1024,20,40.6963,3216
hybrid,ML-KEM-1024,20,40.689,3216
hybrid,ML-KEM-1024,20,40.6107,3216
hybrid,ML-KEM-1024,20,40.8758,3216
hybrid,ML-KEM-1024,20,40.7446,3216
hybrid,ML-KEM-1024,20,40.7218,3216
hybrid,ML-KEM-1024,20,40.7236,3216
hybrid,ML-KEM-1024,75,150.8329,3216
hybrid,ML-KEM-1024,75,150.9885,3216
hybrid,ML-KEM-1024,75,150.8379,3216
hybrid,ML-KEM-1024,75,152.7324,3216
hybrid,ML-KEM-1024,75,150.9179,3216
hybrid,ML-KEM-1024,75,150.8816,3216
hybrid,ML-KEM-1024,75,150.942,3216
hybrid,ML-KEM-1024,75,150.9087,3216
hybrid,ML-KEM-1024,75,150.8845,3216
hybrid,ML-KEM-1024,75,150.9052,3216
hybrid,ML-KEM-1024,75,151.1822,3216
hybrid,ML-KEM-1024,75,150.991,3216
hybrid,ML-KEM-1024,75,150.7676,3216
hybrid,ML-KEM-1024,75,150.8256,3216
hybrid,ML-KEM-1024,75,150.7514,3216
hybrid,ML-KEM-1024,75,151.0166,3216
hybrid,ML-KEM-1024,75,150.7979,3216
hybrid,ML-KEM-1024,75,150.8534,3216
hybrid,ML-KEM-1024,75,150.9385,3216
hybrid,ML-KEM-1024,75,150.81,3216
hybrid,ML-KEM-1024,75,150.8267,3216
hybrid,ML-KEM-1024,75,150.9629,3216
hybrid,ML-KEM-1024,75,151.03,3216
hybrid,ML-KEM-1024,75,151.0774,3216
hybrid,ML-KEM-1024,75,150.9902,3216
hybrid,ML-KEM-1024,75,150.8047,3216
hybrid,ML-KEM-1024,75,150.9367,3216
hybrid,ML-KEM-1024,75,150.7555,3216
hybrid,ML-KEM-1024,75,150.794,3216
hybrid,ML-KEM-1024,75,150.7498,3216
hybrid,ML-KEM-1024,75,150.8665,3216
hybrid,ML-KEM-1024,75,150.8453,3216
hybrid,ML-KEM-1024,75,150.8605,3216
hybrid,ML-KEM-1024,75,150.9623,3216
hybrid,ML-KEM-1024,75,150.8034,3216
hybrid,ML-KEM-1024,75,150.8876,3216
hybrid,ML-KEM-1024,75,150.7527,3216
hybrid,ML-KEM-1024,75,150.8943,3216
hybrid,ML-KEM-1024,75,152.0254,3216
hybrid,ML-KEM-1024,75,150.9583,3216
hybrid,ML-KEM-1024,75,150.7947,3216
hybrid,ML-KEM-1024,75,150.7299,3216
hybrid,ML-KEM-1024,75,150.7984,3216
hybrid,ML-KEM-1024,75,150.9539,3216
hybrid,ML-KEM-1024,75,150.879,3216
hybrid,ML-KEM-1024,75,150.8725,3216
hybrid,ML-KEM-1024,75,150.87,3216
hybrid,ML-KEM-1024,75,150.6891,3216
hybrid,ML-KEM-1024,75,150.9377,3216
hybrid,ML-KEM-1024,75,152.5348,3216
hybrid,ML-KEM-1024,75,150.9056,3216
hybrid,ML-KEM-1024,75,150.757,3216
hybrid,ML-KEM-1024,75,150.858,3216
hybrid,ML-KEM-1024,75,150.782,3216
hybrid,ML-KEM-1024,75,150.967,3216
hybrid,ML-KEM-1024,75,150.81,3216
hybrid,ML-KEM-1024,75,150.6961,3216
hybrid,ML-KEM-1024,75,150.8322,3216
hybrid,ML-KEM-1024,75,150.8796,3216
hybrid,ML-KEM-1024,75,151.0277,3216
signed,ML-KEM-512,0,1.3048,6845
signed,ML-KEM-512,0,0.6389,6845
signed,ML-KEM-512,0,0.6402,6845
signed,ML-KEM-512,0,0.6514,6845
signed,ML-KEM-512,0,0.8971,6845
signed,ML-KEM-512,0,0.6339,6845
signed,ML-KEM-512,0,0.6865,6845
signed,ML-KEM-512,0,0.813,6845
signed,ML-KEM-512,0,0.6992,6845
signed,ML-KEM-512,0,0.7012,6845
signed,ML-KEM-512,0,0.7256,6845
signed,ML-KEM-512,0,0.7709,6845
signed,ML-KEM-512,0,0.6487,6845
signed,ML-KEM-512,0,0.6249,6845
signed,ML-KEM-512,0,0.7102,6845
signed,ML-KEM-512,0,0.693,6845
signed,ML-KEM-512,0,0.7232,6845
signed,ML-KEM-512,0,0.618,6845
signed,ML-KEM-512,0,0.8425,6845
signed,ML-KEM-512,0,0.7342,6845
signed,ML-KEM-512,0,0.6601,6845
signed,ML-KEM-512,0,0.7164,6845
signed,ML-KEM-512,0,1.0174,6845
signed,ML-KEM-512,0,0.6265,6845
signed,ML-KEM-512,0,0.6632,6845
signed,ML-KEM-512,0,0.7597,6845
signed,ML-KEM-512,0,0.8274,6845
signed,ML-KEM-512,0,0.6693,6845
signed,ML-KEM-512,0,0.7372,6845
signed,ML-KEM-512,0,0.6644,6845
signed,ML-KEM-512,0,0.6567,6845
signed,ML-KEM-512,0,0.7182,6845
signed,ML-KEM-512,0,0.6232,6845
signed,ML-KEM-512,0,0.6627,6845
signed,ML-KEM-512,0,0.7554,6845
signed,ML-KEM-512,0,0.6348,6845
signed,ML-KEM-512,0,0.6419,6845
signed,ML-KEM-512,0,0.7053,6845
signed,ML-KEM-512,0,0.7448,6845
signed,ML-KEM-512,0,0.6968,6845
signed,ML-KEM-512,0,0.6842,6845
signed,ML-KEM-512,0,0.6888,6845
signed,ML-KEM-512,0,0.7073,6845
signed,ML-KEM-512,0,0.6378,6845
signed,ML-KEM-512,0,0.6919,6845
signed,ML-KEM-512,0,0.5857,6845
signed,ML-KEM-512,0,0.5974,6845
signed,ML-KEM-512,0,0.6018,6845
signed,ML-KEM-512,0,0.6113,6845
signed,ML-KEM-512,0,0.7291,6845
signed,ML-KEM-512,0,0.7401,6845
signed,ML-KEM-512,0,0.7764,6845
signed,ML-KEM-512,0,0.603,6845
signed,ML-KEM-512,0,0.6994,6845
signed,ML-KEM-512,0,0.9827,6845
signed,ML-KEM-512,0,0.875,6845
signed,ML-KEM-512,0,0.6329,6845
signed,ML-KEM-512,0,0.7592,6845
signed,ML-KEM-512,0,0.6414,6845
signed,ML-KEM-512,0,0.6706,6845
signed,ML-KEM-512,20,83.0056,6845
signed,ML-KEM-512,20,81.2264,6845
signed,ML-KEM-512,20,81.2358,6845
signed,ML-KEM-512,20,81.0819,6845
signed,ML-KEM-512,20,82.1193,6845
signed,ML-KEM-512,20,82.042,6845
signed,ML-KEM-512,20,81.06,6845
signed,ML-KEM-512,20,81.1024,6845
signed,ML-KEM-512,20,81.1397,6845
signed,ML-KEM-512,20,81.1218,6845
signed,ML-KEM-512,20,81.4379,6845
signed,ML-KEM-512,20,81.1395,6845
signed,ML-KEM-512,20,81.1355,6845
signed,ML-KEM-512,20,81.2175,6845
signed,ML-KEM-512,20,81.3399,6845
signed,ML-KEM-512,20,81.651,6845
signed,ML-KEM-512,20,82.2269,6845
signed,ML-KEM-512,20,80.5809,6845
signed,ML-KEM-512,20,81.1939,6845
signed,ML-KEM-512,20,81.444,6845
signed,ML-KEM-512,20,81.1329,6845
signed,ML-KEM-512,20,81.1637,6845
signed,ML-KEM-512,20,81.1895,6845
signed,ML-KEM-512,20,81.2217,6845
signed,ML-KEM-512,20,81.1221,6845
signed,ML-KEM-512,20,81.1357,6845
signed,ML-KEM-512,20,81.0916,6845
signed,ML-KEM-512,20,81.2228,6845
signed,ML-KEM-512,20,81.3438,6845
signed,ML-KEM-512,20,81.175,6845
signed,ML-KEM-512,20,81.191,6845
signed,ML-KEM-512,20,83.1278,6845
signed,ML-KEM-512,20,81.1615,6845
signed,ML-KEM-512,20,82.4359,6845
signed,ML-KEM-512,20,82.7677,6845
signed,ML-KEM-512,20,81.5178,6845
signed,ML-KEM-512,20,81.2571,6845
signed,ML-KEM-512,20,81.5718,6845
signed,ML-KEM-512,20,81.2541,6845
signed,ML-KEM-512,20,81.129,6845
signed,ML-KEM-512,20,81.2204,6845
signed,ML-KEM-512,20,81.2162,6845
signed,ML-KEM-512,20,81.1481,6845
signed,ML-KEM-512,20,81.568,6845
signed,ML-KEM-512,20,81.2329,6845
signed,ML-KEM-512,20,81.1963,6845
signed,ML-KEM-512,20,81.4857,6845
signed,ML-KEM-512,20,81.4878,6845
signed,ML-KEM-512,20,81.2214,6845
signed,ML-KEM-512,20,81.6982,6845
signed,ML-KEM-512,20,81.1313,6845
signed,ML-KEM-512,20,81.3419,6845
signed,ML-KEM-512,20,81.3105,6845
signed,ML-KEM-512,20,81.1941,6845
signed,ML-KEM-512,20,81.5999,6845
signed,ML-KEM-512,20,81.3293,6845
signed,ML-KEM-512,20,81.1146,6845
signed,ML-KEM-512,20,81.0691,6845
signed,ML-KEM-512,20,81.3801,6845
signed,ML-KEM-512,20,81.4134,6845
signed,ML-KEM-512,75,301.4018,6845
signed,ML-KEM-512,75,301.4377,6845
signed,ML-KEM-512,75,301.3581,6845
signed,ML-KEM-512,75,301.1593,6845
signed,ML-KEM-512,75,302.3263,6845
signed,ML-KEM-512,75,301.349,6845
signed,ML-KEM-512,75,301.4959,6845
signed,ML-KEM-512,75,302.5438,6845
signed,ML-KEM-512,75,301.4239,6845
signed,ML-KEM-512,75,301.3622,6845
signed,ML-KEM-512,75,301.3398,6845
signed,ML-KEM-512,75,301.3904,6845
signed,ML-KEM-512,75,301.8254,6845
signed,ML-KEM-512,75,301.3136,6845
signed,ML-KEM-512,75,301.3041,6845
signed,ML-KEM-512,75,301.4505,6845
signed,ML-KEM-512,75,301.3285,6845
signed,ML-KEM-512,75,301.3144,6845
signed,ML-KEM-512,75,302.8167,6845
signed,ML-KEM-512,75,301.41,6845
signed,ML-KEM-512,75,305.3069,6845
signed,ML-KEM-512,75,301.4097,6845
signed,ML-KEM-512,75,301.6338,6845
signed,ML-KEM-512,75,301.4516,6845
signed,ML-KEM-512,75,301.3894,6845
signed,ML-KEM-512,75,301.3732,6845
signed,ML-KEM-512,75,301.6237,6845
signed,ML-KEM-512,75,301.0395,6845
signed,ML-KEM-512,75,301.4259,6845
signed,ML-KEM-512,75,301.5916,6845
signed,ML-KEM-512,75,301.2983,6845
signed,ML-KEM-512,75,301.2733,6845
signed,ML-KEM-512,75,301.3015,6845
signed,ML-KEM-512,75,301.2874,6845
signed,ML-KEM-512,75,302.0406,6845
signed,ML-KEM-512,75,301.1761,6845
signed,ML-KEM-512,75,301.7944,6845
signed,ML-KEM-512,75,301.2784,6845
signed,ML-KEM-512,75,301.9698,6845
signed,ML-KEM-512,75,301.5592,6845
signed,ML-KEM-512,75,301.3827,6845
signed,ML-KEM-512,75,301.7661,6845
signed,ML-KEM-512,75,301.4093,6845
signed,ML-KEM-512,75,301.2666,6845
signed,ML-KEM-512,75,302.0299,6845
signed,ML-KEM-512,75,301.3584,6845
signed,ML-KEM-512,75,303.721,6845
signed,ML-KEM-512,75,301.4662,6845
signed,ML-KEM-512,75,301.2199,6845
signed,ML-KEM-512,75,301.3236,6845
signed,ML-KEM-512,75,301.2759,6845
signed,ML-KEM-512,75,301.4406,6845
signed,ML-KEM-512,75,301.2795,6845
signed,ML-KEM-512,75,301.2992,6845
signed,ML-KEM-512,75,301.5318,6845
signed,ML-KEM-512,75,301.1168,6845
signed,ML-KEM-512,75,302.783,6845
signed,ML-KEM-512,75,301.2442,6845
signed,ML-KEM-512,75,301.2093,6845
signed,ML-KEM-512,75,301.3547,6845
signed,ML-KEM-768,0,0.6602,7549
signed,ML-KEM-768,0,0.715,7549
signed,ML-KEM-768,0,0.7414,7549
signed,ML-KEM-768,0,0.6625,7549
signed,ML-KEM-768,0,1.6885,7549
signed,ML-KEM-768,0,0.639,7549
signed,ML-KEM-768,0,0.6205,7549
signed,ML-KEM-768,0,0.7336,7549
signed,ML-KEM-768,0,0.8015,7549
signed,ML-KEM-768,0,0.7156,7549
signed,ML-KEM-768,0,1.0348,7549
signed,ML-KEM-768,0,0.732,7549
signed,ML-KEM-768,0,0.8278,7549
signed,ML-KEM-768,0,0.8938,7549
signed,ML-KEM-768,0,0.6723,7549
signed,ML-KEM-768,0,0.6821,7549
signed,ML-KEM-768,0,0.6895,7549
signed,ML-KEM-768,0,0.6717,7549
signed,ML-KEM-768,0,0.6525,7549
signed,ML-KEM-768,0,0.8403,7549
signed,ML-KEM-768,0,0.6319,7549
signed,ML-KEM-768,0,0.7111,7549
signed,ML-KEM-768,0,0.7909,7549
signed,ML-KEM-768,0,0.6535,7549
signed,ML-KEM-768,0,0.7312,7549
signed,ML-KEM-768,0,0.742,7549
signed,ML-KEM-768,0,0.6541,7549
signed,ML-KEM-768,0,0.6768,7549
signed,ML-KEM-768,0,0.6836,7549
signed,ML-KEM-768,0,0.7126,7549
signed,ML-KEM-768,0,0.6412,7549
signed,ML-KEM-768,0,0.6688,7549
signed,ML-KEM-768,0,0.9912,7549
signed,ML-KEM-768,0,0.6082,7549
signed,ML-KEM-768,0,0.7956,7549
signed,ML-KEM-768,0,0.6266,7549
signed,ML-KEM-768,0,0.6305,7549
signed,ML-KEM-768,0,0.8345,7549
signed,ML-KEM-768,0,0.6405,7549
signed,ML-KEM-768,0,0.6498,7549
signed,ML-KEM-768,0,0.6345,7549
signed,ML-KEM-768,0,0.7363,7549
signed,ML-KEM-768,0,0.6962,7549
signed,ML-KEM-768,0,0.6718,7549
signed,ML-KEM-768,0,0.7291,7549
signed,ML-KEM-768,0,0.838,7549
signed,ML-KEM-768,0,0.7627,7549
signed,ML-KEM-768,0,0.6651,7549
signed,ML-KEM-768,0,0.6656,7549
signed,ML-KEM-768,0,0.646,7549
signed,ML-KEM-768,0,0.7623,7549
signed,ML-KEM-768,0,0.6026,7549
signed,ML-KEM-768,0,0.6012,7549
signed,ML-KEM-768,0,0.834,7549
signed,ML-KEM-768,0,0.6752,7549
signed,ML-KEM-768,0,0.6484,7549
signed,ML-KEM-768,0,0.7386,7549
signed,ML-KEM-768,0,0.6848,7549
signed,ML-KEM-768,0,0.8257,7549
signed,ML-KEM-768,0,0.6661,7549
signed,ML-KEM-768,20,81.3622,7549
signed,ML-KEM-768,20,81.4029,7549
signed,ML-KEM-768,20,81.1938,7549
signed,ML-KEM-768,20,81.1294,7549
signed,ML-KEM-768,20,81.0771,7549
signed,ML-KEM-768,20,81.3795,7549
signed,ML-KEM-768,20,81.2652,7549
signed,ML-KEM-768,20,81.2067,7549
signed,ML-KEM-768,20,81.5159,7549
signed,ML-KEM-768,20,81.258,7549
signed,ML-KEM-768,20,81.1932,7549
signed,ML-KEM-768,20,81.1992,7549
signed,ML-KEM-768,20,81.5971,7549
signed,ML-KEM-768,20,81.2299,7549
signed,ML-KEM-768,20,83.9859,7549
signed,ML-KEM-768,20,81.133,7549
signed,ML-KEM-768,20,81.2512,7549
signed,ML-KEM-768,20,81.2848,7549
signed,ML-KEM-768,20,81.1781,7549
signed,ML-KEM-768,20,82.1752,7549
signed,ML-KEM-768,20,81.0965,7549
signed,ML-KEM-768,20,81.3013,7549
signed,ML-KEM-768,20,81.6262,7549
signed,ML-KEM-768,20,81.1392,7549
signed,ML-KEM-768,20,81.2464,7549
signed,ML-KEM-768,20,81.1,7549
signed,ML-KEM-768,20,81.6548,7549
signed,ML-KEM-768,20,81.2529,7549
signed,ML-KEM-768,20,81.2367,7549
signed,ML-KEM-768,20,81.2829,7549
signed,ML-KEM-768,20,81.1894,7549
signed,ML-KEM-768,20,81.1412,7549
signed,ML-KEM-768,20,81.2124,7549
signed,ML-KEM-768,20,81.3539,7549
signed,ML-KEM-768,20,81.1856,7549
signed,ML-KEM-768,20,81.1455,7549
signed,ML-KEM-768,20,81.3023,7549
signed,ML-KEM-768,20,81.3576,7549
signed,ML-KEM-768,20,81.6314,7549
signed,ML-KEM-768,20,81.6368,7549
signed,ML-KEM-768,20,81.4428,7549
signed,ML-KEM-768,20,81.3114,7549
signed,ML-KEM-768,20,81.8109,7549
signed,ML-KEM-768,20,81.3701,7549
signed,ML-KEM-768,20,81.1092,7549
signed,ML-KEM-768,20,81.0862,7549
signed,ML-KEM-768,20,81.1953,7549
signed,ML-KEM-768,20,81.1308,7549
signed,ML-KEM-768,20,81.2935,7549
signed,ML-KEM-768,20,81.1477,7549
signed,ML-KEM-768,20,81.1713,7549
signed,ML-KEM-768,20,81.276,7549
signed,ML-KEM-768,20,81.3062,7549
signed,ML-KEM-768,20,81.1324,7549
signed,ML-KEM-768,20,81.1872,7549
signed,ML-KEM-768,20,81.3265,7549
signed,ML-KEM-768,20,81.3647,7549
signed,ML-KEM-768,20,81.7925,7549
signed,ML-KEM-768,20,81.2449,7549
signed,ML-KEM-768,20,81.138,7549
signed,ML-KEM-768,75,301.3258,7549
signed,ML-KEM-768,75,301.2477,7549
signed,ML-KEM-768,75,301.3604,7549
signed,ML-KEM-768,75,301.3972,7549
signed,ML-KEM-768,75,301.4519,7549
signed,ML-KEM-768,75,302.5569,7549
signed,ML-KEM-768,75,301.2937,7549
signed,ML-KEM-768,75,301.2773,7549
signed,ML-KEM-768,75,301.6801,7549
signed,ML-KEM-768,75,301.2266,7549
signed,ML-KEM-768,75,301.5494,7549
signed,ML-KEM-768,75,301.3476,7549
signed,ML-KEM-768,75,301.2856,7549
signed,ML-KEM-768,75,301.4524,7549
signed,ML-KEM-768,75,302.759,7549
signed,ML-KEM-768,75,301.2081,7549
signed,ML-KEM-768,75,301.2983,7549
signed,ML-KEM-768,75,301.2929,7549
signed,ML-KEM-768,75,301.6067,7549
signed,ML-KEM-768,75,301.5633,7549
signed,ML-KEM-768,75,301.4605,7549
signed,ML-KEM-768,75,301.9599,7549
signed,ML-KEM-768,75,301.4991,7549
signed,ML-KEM-768,75,301.5927,7549
signed,ML-KEM-768,75,301.3221,7549
signed,ML-KEM-768,75,301.3086,7549
signed,ML-KEM-768,75,301.4811,7549
signed,ML-KEM-768,75,301.833,7549
signed,ML-KEM-768,75,301.3129,7549
signed,ML-KEM-768,75,301.2764,7549
signed,ML-KEM-768,75,302.1018,7549
signed,ML-KEM-768,75,301.5202,7549
signed,ML-KEM-768,75,301.3433,7549
signed,ML-KEM-768,75,301.3932,7549
signed,ML-KEM-768,75,301.259,7549
signed,ML-KEM-768,75,301.3231,7549
signed,ML-KEM-768,75,301.3563,7549
signed,ML-KEM-768,75,301.2855,7549
signed,ML-KEM-768,75,301.5098,7549
signed,ML-KEM-768,75,301.4928,7549
signed,ML-KEM-768,75,301.5304,7549
signed,ML-KEM-768,75,301.5425,7549
signed,ML-KEM-768,75,301.3988,7549
signed,ML-KEM-768,75,301.3315,7549
signed,ML-KEM-768,75,301.8327,7549
signed,ML-KEM-768,75,301.9137,7549
signed,ML-KEM-768,75,301.5169,7549
signed,ML-KEM-768,75,301.7718,7549
signed,ML-KEM-768,75,301.3788,7549
signed,ML-KEM-768,75,301.217,7549
signed,ML-KEM-768,75,301.5151,7549
signed,ML-KEM-768,75,301.5096,7549
signed,ML-KEM-768,75,301.386,7549
signed,ML-KEM-768,75,301.8386,7549
signed,ML-KEM-768,75,301.2264,7549
signed,ML-KEM-768,75,301.1389,7549
signed,ML-KEM-768,75,301.2742,7549
signed,ML-KEM-768,75,301.3444,7549
signed,ML-KEM-768,75,301.4864,7549
signed,ML-KEM-768,75,301.6134,7549
signed,ML-KEM-1024,0,0.6488,8413
signed,ML-KEM-1024,0,0.7202,8413
signed,ML-KEM-1024,0,0.6755,8413
signed,ML-KEM-1024,0,1.1656,8413
signed,ML-KEM-1024,0,1.7981,8413
signed,ML-KEM-1024,0,0.6884,8413
signed,ML-KEM-1024,0,1.0282,8413
signed,ML-KEM-1024,0,0.6434,8413
signed,ML-KEM-1024,0,0.6461,8413
signed,ML-KEM-1024,0,0.696,8413
signed,ML-KEM-1024,0,0.7748,8413
signed,ML-KEM-1024,0,0.6976,8413
signed,ML-KEM-1024,0,0.6378,8413
signed,ML-KEM-1024,0,0.6779,8413
signed,ML-KEM-1024,0,0.6613,8413
signed,ML-KEM-1024,0,0.7532,8413
signed,ML-KEM-1024,0,0.7711,8413
signed,ML-KEM-1024,0,0.7076,8413
signed,ML-KEM-1024,0,0.691,8413
signed,ML-KEM-1024,0,0.7248,8413
signed,ML-KEM-1024,0,0.7399,8413
signed,ML-KEM-1024,0,0.766,8413
signed,ML-KEM-1024,0,0.763,8413
signed,ML-KEM-1024,0,0.7655,8413
signed,ML-KEM-1024,0,0.7358,8413
signed,ML-KEM-1024,0,0.6932,8413
signed,ML-KEM-1024,0,0.6823,8413
signed,ML-KEM-1024,0,0.7243,8413
signed,ML-KEM-1024,0,0.7509,8413
signed,ML-KEM-1024,0,0.7113,8413
signed,ML-KEM-1024,0,0.6484,8413
signed,ML-KEM-1024,0,0.6935,8413
signed,ML-KEM-1024,0,0.8222,8413
signed,ML-KEM-1024,0,0.7693,8413
signed,ML-KEM-1024,0,1.7049,8413
signed,ML-KEM-1024,0,1.5918,8413
signed,ML-KEM-1024,0,0.697,8413
signed,ML-KEM-1024,0,0.6721,8413
signed,ML-KEM-1024,0,0.7993,8413
signed,ML-KEM-1024,0,0.7296,8413
signed,ML-KEM-1024,0,0.7314,8413
signed,ML-KEM-1024,0,0.6191,8413
signed,ML-KEM-1024,0,0.7552,8413
signed,ML-KEM-1024,0,0.7094,8413
signed,ML-KEM-1024,0,0.7325,8413
signed,ML-KEM-1024,0,0.7915,8413
signed,ML-KEM-1024,0,0.7413,8413
signed,ML-KEM-1024,0,0.6945,8413
signed,ML-KEM-1024,0,0.8969,8413
signed,ML-KEM-1024,0,0.6692,8413
signed,ML-KEM-1024,0,0.7445,8413
signed,ML-KEM-1024,0,0.6184,8413
signed,ML-KEM-1024,0,0.6492,8413
signed,ML-KEM-1024,0,0.6269,8413
signed,ML-KEM-1024,0,0.7036,8413
signed,ML-KEM-1024,0,0.6567,8413
signed,ML-KEM-1024,0,0.6142,8413
signed,ML-KEM-1024,0,0.6745,8413
signed,ML-KEM-1024,0,0.7056,8413
signed,ML-KEM-1024,0,0.6443,8413
signed,ML-KEM-1024,20,81.9879,8413
signed,ML-KEM-1024,20,81.0596,8413
signed,ML-KEM-1024,20,81.1591,8413
signed,ML-KEM-1024,20,81.2809,8413
signed,ML-KEM-1024,20,81.2627,8413
signed,ML-KEM-1024,20,81.7278,8413
signed,ML-KEM-1024,20,81.6575,8413
signed,ML-KEM-1024,20,81.1643,8413
signed,ML-KEM-1024,20,81.1837,8413
signed,ML-KEM-1024,20,81.2709,8413
signed,ML-KEM-1024,20,81.1214,8413
signed,ML-KEM-1024,20,81.1945,8413
signed,ML-KEM-1024,20,81.0788,8413
signed,ML-KEM-1024,20,81.1565,8413
signed,ML-KEM-1024,20,81.3022,8413
signed,ML-KEM-1024,20,82.9809,8413
signed,ML-KEM-1024,20,81.2098,8413
signed,ML-KEM-1024,20,82.0069,8413
signed,ML-KEM-1024,20,81.0955,8413
signed,ML-KEM-1024,20,81.2686,8413
signed,ML-KEM-1024,20,81.2281,8413
signed,ML-KEM-1024,20,81.3239,8413
signed,ML-KEM-1024,20,81.3261,8413
signed,ML-KEM-1024,20,81.2334,8413
signed,ML-KEM-1024,20,81.1057,8413
signed,ML-KEM-1024,20,81.9011,8413
signed,ML-KEM-1024,20,81.1626,8413
signed,ML-KEM-1024,20,81.1705,8413
signed,ML-KEM-1024,20,81.1873,8413
signed,ML-KEM-1024,20,81.2291,8413
signed,ML-KEM-1024,20,81.2355,8413
signed,ML-KEM-1024,20,81.1557,8413
signed,ML-KEM-1024,20,81.37,8413
signed,ML-KEM-1024,20,81.3426,8413
signed,ML-KEM-1024,20,81.3481,8413
signed,ML-KEM-1024,20,81.1571,8413
signed,ML-KEM-1024,20,81.2207,8413
signed,ML-KEM-1024,20,81.2496,8413
signed,ML-KEM-1024,20,81.3958,8413
signed,ML-KEM-1024,20,81.3282,8413
signed,ML-KEM-1024,20,81.1558,8413
signed,ML-KEM-1024,20,82.7285,8413
signed,ML-KEM-1024,20,81.098,8413
signed,ML-KEM-1024,20,81.2129,8413
signed,ML-KEM-1024,20,81.3467,8413
signed,ML-KEM-1024,20,81.2167,8413
signed,ML-KEM-1024,20,81.2019,8413
signed,ML-KEM-1024,20,81.1484,8413
signed,ML-KEM-1024,20,81.1087,8413
signed,ML-KEM-1024,20,81.1631,8413
signed,ML-KEM-1024,20,81.1803,8413
signed,ML-KEM-1024,20,81.4124,8413
signed,ML-KEM-1024,20,81.2962,8413
signed,ML-KEM-1024,20,81.1426,8413
signed,ML-KEM-1024,20,81.1332,8413
signed,ML-KEM-1024,20,81.2126,8413
signed,ML-KEM-1024,20,81.1627,8413
signed,ML-KEM-1024,20,81.3122,8413
signed,ML-KEM-1024,20,81.1782,8413
signed,ML-KEM-1024,20,81.0854,8413
signed,ML-KEM-1024,75,302.1929,8413
signed,ML-KEM-1024,75,301.2017,8413
signed,ML-KEM-1024,75,301.2575,8413
signed,ML-KEM-1024,75,301.3875,8413
signed,ML-KEM-1024,75,301.4396,8413
signed,ML-KEM-1024,75,301.4333,8413
signed,ML-KEM-1024,75,301.7604,8413
signed,ML-KEM-1024,75,301.5046,8413
signed,ML-KEM-1024,75,301.3128,8413
signed,ML-KEM-1024,75,301.2682,8413
signed,ML-KEM-1024,75,301.2085,8413
signed,ML-KEM-1024,75,301.3276,8413
signed,ML-KEM-1024,75,301.4705,8413
signed,ML-KEM-1024,75,301.4421,8413
signed,ML-KEM-1024,75,301.3466,8413
signed,ML-KEM-1024,75,301.3142,8413
signed,ML-KEM-1024,75,301.7085,8413
signed,ML-KEM-1024,75,301.3919,8413
signed,ML-KEM-1024,75,301.333,8413
signed,ML-KEM-1024,75,301.616,8413
signed,ML-KEM-1024,75,301.5376,8413
signed,ML-KEM-1024,75,301.2947,8413
signed,ML-KEM-1024,75,301.4624,8413
signed,ML-KEM-1024,75,301.585,8413
signed,ML-KEM-1024,75,301.6874,8413
signed,ML-KEM-1024,75,301.4442,8413
signed,ML-KEM-1024,75,301.3736,8413
signed,ML-KEM-1024,75,301.2879,8413
signed,ML-KEM-1024,75,301.4481,8413
signed,ML-KEM-1024,75,301.3561,8413
signed,ML-KEM-1024,75,301.6221,8413
signed,ML-KEM-1024,75,301.618,8413
signed,ML-KEM-1024,75,301.4737,8413
signed,ML-KEM-1024,75,301.9255,8413
signed,ML-KEM-1024,75,301.5449,8413
signed,ML-KEM-1024,75,301.5697,8413
signed,ML-KEM-1024,75,304.2597,8413
signed,ML-KEM-1024,75,301.6787,8413
signed,ML-KEM-1024,75,301.2741,8413
signed,ML-KEM-1024,75,301.3762,8413
signed,ML-KEM-1024,75,301.5711,8413
signed,ML-KEM-1024,75,301.5059,8413
signed,ML-KEM-1024,75,302.3015,8413
signed,ML-KEM-1024,75,301.6116,8413
signed,ML-KEM-1024,75,301.6938,8413
signed,ML-KEM-1024,75,301.5495,8413
signed,ML-KEM-1024,75,301.416,8413
signed,ML-KEM-1024,75,301.8195,8413
signed,ML-KEM-1024,75,301.4126,8413
signed,ML-KEM-1024,75,301.413,8413
signed,ML-KEM-1024,75,303.906,8413
signed,ML-KEM-1024,75,301.6718,8413
signed,ML-KEM-1024,75,301.503,8413
signed,ML-KEM-1024,75,301.7718,8413
signed,ML-KEM-1024,75,301.8398,8413
signed,ML-KEM-1024,75,301.6039,8413
signed,ML-KEM-1024,75,301.3673,8413
signed,ML-KEM-1024,75,301.7447,8413
signed,ML-KEM-1024,75,301.5569,8413
signed,ML-KEM-1024,75,302.2336,8413
